name,tier,elo
Arsenal,1,1115
Barcelona,1,1050
Bayern Munich,1,1200
Bournemouth,1,325
Brentford,1,475
Celtic,1,100
Como,1,175
Hoffenheim,1,75
Inter Milan,1,980
Leeds United,1,125
Liverpool,1,1130
Manchester City,1,1115
Olympiacos,1,150
Paris Saint-Germain,1,1185
Porto,1,375
Rayo Vallecano,1,200
Valencia,1,50
Aston Villa,2,900
Atletico Madrid,2,950
Bayer Leverkusen,2,675
Chelsea,2,825
Manchester United,2,850
Newcastle United,2,875
Tottenham Hotspur,2,750
AC Milan,3,725
Atalanta,3,625
Athletic Bilbao,3,650
Benfica,3,350
Borussia Dortmund,3,800
Napoli,3,925
Nottingham Forest,3,500
PSV,3,275
RB Leipzig,3,700
Sporting CP,3,450
AS Roma,4,575
Crystal Palace,4,600
Eintracht Frankfurt,4,225
Juventus FC,4,775
Olympique Lyonnais,4,250
Olympique de Marseille,4,525
Real Betis,4,400
Real Sociedad,4,300
SS Lazio,4,425
Villarreal CF,4,550
West Ham United,4,300
