name,elo,ea_id
Real Madrid,1308,243
Paris Saint-Germain,1305,73
Barcelona,1252,241
Bayern Munich,1126,21
Liverpool,1039,9
Manchester City,1023,10
Arsenal,976,1
Atletico Madrid,934,240
Chelsea,856,5
Inter Milan,851,131682
Manchester United,767,11
AC Milan,734,131681
Napoli,719,48
Juventus FC,711,45
Borussia Dortmund,709,22
Tottenham Hotspur,693,18
Bayer Leverkusen,636,32
Newcastle United,612,13
Villarreal CF,591,483
Athletic Bilbao,584,448
Benfica,561,234
AS Roma,541,52
Sporting CP,538,237
Bournemouth,526,1943
Como,511,1745
Real Betis,508,449
Porto,498,236
Brentford,494,1925
RB Leipzig,489,112172
Nottingham Forest,481,14
Atalanta,473,115845
Aston Villa,465,2
Real Sociedad,463,457
SS Lazio,426,115841
Leeds United,396,8
Crystal Palace,394,1799
Olympiacos,370,280
Rayo Vallecano,357,480
PSV,345,247
Olympique Lyonnais,341,66
AS Monaco,338,69
Hoffenheim,335,10029
Rennes,312,74
Lille,227,65
Eintracht Frankfurt,222,1824
Celtic,182,78
Olympique de Marseille,171,219
Valencia,169,461
Panathinaikos,119,1884
West Ham United,49,19
Club Brugge,26,231
Strasbourg,-20,76
PAOK,-27,393
Başakşehir,-172,101014
Çorum FK,-263,132868
